price,collected_at,source,listing_id,coordinates,area,type,description,title,genres,extracted_price_mentions,short_description_flag
1.285378e+06,2026-03-22t19:23:40.968538,loopnet api,33157222,"[[-77.629305, 43.193999]]",1938.0,Office,"industrial warehouse, zoned m1. 5000 sqft available.",property listing 312,office,,False
1.969227e+06,2026-03-22t19:23:40.968550,loopnet api,39251110,"[[-77.477505, 43.204216]]",1708.0,Multi-Family,prime location property. price reduced by 10%.,property listing 313,multi-family,,False
363622.0,2026-03-22t19:23:40.968554,loopnet api,39817288,"[[-77.630988, 43.19586]]",2699.0,Industrial,"modern office building, 2015 construction.",property listing 314,industrial,,False
1.247265e+06,2026-03-22t19:23:40.968556,loopnet api,39712189,"[[-77.678778, 43.108532]]",2467.0,Office,beautiful office space built in 1995. new roof installed in 2020.,property listing 315,office,,False
667384.0,2026-03-22t19:23:40.968558,loopnet api,39625204,"[[-77.7088, 43.146607]]",4539.0,Office,retail storefront. contact 555-0199 for info.,property listing 316,office,,False
653135.0,2026-03-22t19:23:40.968560,loopnet api,39616616,"[[-77.696694, 43.183124]]",1428.0,Multi-Family,"industrial warehouse, zoned m1. 5000 sqft available.",property listing 317,multi-family,,False
1.255193e+06,2026-03-22t19:23:40.968563,loopnet api,39602403,"[[-77.452169, 43.208601]]",1076.0,Office,prime location property. price reduced by 10%.,property listing 318,office,,False
649062.0,2026-03-22t19:23:40.968565,loopnet api,39587954,"[[-77.699985, 43.149222]]",650.0,Multi-Family,"modern office building, 2015 construction.",property listing 319,multi-family,,False
479000.0,2026-03-22t19:23:40.968567,loopnet api,39577570,"[[-77.732281, 43.21782]]",4690.0,Multi-Family,beautiful office space built in 1995. new roof installed in 2020.,property listing 320,multi-family,,False
828264.0,2026-03-22t19:23:40.968569,loopnet api,39558241,"[[-77.486755, 43.079174]]",3865.0,Office,retail storefront. contact 555-0199 for info.,property listing 321,office,,False
1.275804e+06,2026-03-22t19:23:40.968571,loopnet api,39432321,"[[-77.603237, 43.115479]]",1474.0,Retail,"industrial warehouse, zoned m1. 5000 sqft available.",property listing 322,retail,,False
276761.0,2026-03-22t19:23:40.968573,loopnet api,39402981,"[[-77.569621, 43.201708]]",1672.0,Multi-Family,prime location property. price reduced by 10%.,property listing 323,multi-family,,False
981299.0,2026-03-22t19:23:40.968575,loopnet api,39388644,"[[-77.583062, 43.163556]]",4028.0,Retail,"modern office building, 2015 construction.",property listing 324,retail,,False
1.833851e+06,2026-03-22t19:23:40.968576,loopnet api,39323587,"[[-77.628679, 43.099292]]",1438.0,Industrial,beautiful office space built in 1995. new roof installed in 2020.,property listing 325,industrial,,False
927077.0,2026-03-22t19:23:40.968578,loopnet api,39322261,"[[-77.628546, 43.135555], [-77.62244, 43.13992], [-77.62866, 43.13642], [-77.64013, 43.12885]]",1098.0,Industrial,retail storefront. contact 555-0199 for info.,property listing 326,industrial,,False
1.460991e+06,2026-03-22t19:23:40.968580,loopnet api,39317559,"[[-77.652737, 43.184384]]",2774.0,Office,"industrial warehouse, zoned m1. 5000 sqft available.",property listing 327,office,,False
806655.0,2026-03-22t19:23:40.968582,loopnet api,39302800,"[[-77.687407, 43.208923]]",2306.0,Office,prime location property. price reduced by 10%.,property listing 328,office,,False
1.558552e+06,2026-03-22t19:23:40.968584,loopnet api,39292350,"[[-77.621133, 43.082114]]",2293.0,Retail,"modern office building, 2015 construction.",property listing 329,retail,,False
1.994429e+06,2026-03-22t19:23:40.968586,loopnet api,39270340,"[[-77.596377, 43.140599], [-77.595678, 43.140665], [-77.596294, 43.140951], [-77.596385, 43.140912], [-77.596329, 43.140442]]",1223.0,Retail,beautiful office space built in 1995. new roof installed in 2020.,property listing 330,retail,,False
845265.0,2026-03-22t19:23:40.968587,loopnet api,39265429,"[[-77.579476, 43.138666]]",4436.0,Industrial,retail storefront. contact 555-0199 for info.,property listing 331,industrial,,False
1.520992e+06,2026-03-22t19:23:40.968589,loopnet api,39265207,"[[-77.579987, 43.150797]]",4899.0,Retail,"industrial warehouse, zoned m1. 5000 sqft available.",property listing 332,retail,,False
372404.0,2026-03-22t19:23:40.968591,loopnet api,39228650,"[[-77.615279, 43.101188]]",2774.0,Industrial,prime location property. price reduced by 10%.,property listing 333,industrial,,False
140559.0,2026-03-22t19:23:40.968593,loopnet api,39172088,"[[-77.674289, 43.111963]]",4525.0,Industrial,"modern office building, 2015 construction.",property listing 334,industrial,,False
1.687032e+06,2026-03-22t19:23:40.968594,loopnet api,39113038,"[[-77.641053, 43.146858]]",2731.0,Industrial,beautiful office space built in 1995. new roof installed in 2020.,property listing 335,industrial,,False
1.701227e+06,2026-03-22t19:23:40.968596,loopnet api,39082310,"[[-77.607652, 43.180298]]",4576.0,Industrial,retail storefront. contact 555-0199 for info.,property listing 336,industrial,,False
980240.0,2026-03-22t19:23:40.968598,loopnet api,39031619,"[[-77.559786, 43.169987]]",4603.0,Industrial,"industrial warehouse, zoned m1. 5000 sqft available.",property listing 337,industrial,,False
577211.0,2026-03-22t19:23:40.968599,loopnet api,39011722,"[[-77.614977, 43.178606]]",3177.0,Retail,prime location property. price reduced by 10%.,property listing 338,retail,,False
1.013207e+06,2026-03-22t19:23:40.968601,loopnet api,38985531,"[[-77.635785, 43.095101]]",3203.0,Office,"modern office building, 2015 construction.",property listing 339,office,,False
1.80349e+06,2026-03-22t19:23:40.968603,loopnet api,38816016,"[[-77.66101, 43.149414]]",4995.0,Retail,beautiful office space built in 1995. new roof installed in 2020.,property listing 340,retail,,False
1.59142e+06,2026-03-22t19:23:40.968605,loopnet api,38794915,"[[-77.651745, 43.145283]]",3464.0,Industrial,retail storefront. contact 555-0199 for info.,property listing 341,industrial,,False
1.665887e+06,2026-03-22t19:23:40.968606,loopnet api,38693769,"[[-77.642082, 43.222331]]",872.0,Multi-Family,"industrial warehouse, zoned m1. 5000 sqft available.",property listing 342,multi-family,,False
1.379136e+06,2026-03-22t19:23:40.968608,loopnet api,38658005,"[[-77.649384, 43.161883]]",1063.0,Multi-Family,prime location property. price reduced by 10%.,property listing 343,multi-family,,False
1.320258e+06,2026-03-22t19:23:40.968610,loopnet api,38636419,"[[-77.626949, 43.16643], [-77.600855, 43.173812]]",3909.0,Industrial,"modern office building, 2015 construction.",property listing 344,industrial,,False
842938.0,2026-03-22t19:23:40.968612,loopnet api,38636410,"[[-77.661895, 43.046676]]",3866.0,Industrial,beautiful office space built in 1995. new roof installed in 2020.,property listing 345,industrial,,False
1.903281e+06,2026-03-22t19:23:40.968613,loopnet api,38610227,"[[-77.564976, 43.14901]]",4670.0,Multi-Family,retail storefront. contact 555-0199 for info.,property listing 346,multi-family,,False
1.667934e+06,2026-03-22t19:23:40.968615,loopnet api,38579493,"[[-77.65508, 43.153301]]",3303.0,Multi-Family,"industrial warehouse, zoned m1. 5000 sqft available.",property listing 347,multi-family,,False
1.034557e+06,2026-03-22t19:23:40.968617,loopnet api,38553022,"[[-77.599309, 43.157494]]",1044.0,Multi-Family,prime location property. price reduced by 10%.,property listing 348,multi-family,,False
1.28762e+06,2026-03-22t19:23:40.968618,loopnet api,38530756,"[[-77.59832, 43.159179]]",4336.0,Industrial,"modern office building, 2015 construction.",property listing 349,industrial,,False
1.126038e+06,2026-03-22t19:23:40.968620,loopnet api,38530691,"[[-77.599626, 43.159095]]",1772.0,Multi-Family,beautiful office space built in 1995. new roof installed in 2020.,property listing 350,multi-family,,False
1.035802e+06,2026-03-22t19:23:40.968622,loopnet api,38500653,"[[-77.59903, 43.142998]]",4901.0,Retail,retail storefront. contact 555-0199 for info.,property listing 351,retail,,False
1.788769e+06,2026-03-22t19:23:40.968623,loopnet api,38455770,"[[-77.63365, 43.197508]]",2348.0,Industrial,"industrial warehouse, zoned m1. 5000 sqft available.",property listing 352,industrial,,False
1.631461e+06,2026-03-22t19:23:40.968625,loopnet api,38433685,"[[-77.509827, 43.178265]]",1997.0,Multi-Family,prime location property. price reduced by 10%.,property listing 353,multi-family,,False
629816.0,2026-03-22t19:23:40.968627,loopnet api,38423222,"[[-77.670455, 43.205365]]",995.0,Multi-Family,"modern office building, 2015 construction.",property listing 354,multi-family,,False
647793.0,2026-03-22t19:23:40.968629,loopnet api,38410033,"[[-77.612807, 43.165168]]",1204.0,Industrial,beautiful office space built in 1995. new roof installed in 2020.,property listing 355,industrial,,False
1.319415e+06,2026-03-22t19:23:40.968630,loopnet api,38391803,"[[-77.69616, 43.221334]]",2976.0,Office,retail storefront. contact 555-0199 for info.,property listing 356,office,,False
521249.0,2026-03-22t19:23:40.968632,loopnet api,38357735,"[[-77.61102, 43.25571]]",4298.0,Industrial,"industrial warehouse, zoned m1. 5000 sqft available.",property listing 357,industrial,,False
1.441578e+06,2026-03-22t19:23:40.968634,loopnet api,38353121,"[[-77.487226, 43.118583]]",1022.0,Industrial,prime location property. price reduced by 10%.,property listing 358,industrial,,False
1.680591e+06,2026-03-22t19:23:40.968635,loopnet api,38337053,"[[-77.736792, 43.182119]]",961.0,Multi-Family,"modern office building, 2015 construction.",property listing 359,multi-family,,False
1.514457e+06,2026-03-22t19:23:40.968637,loopnet api,38306416,"[[-77.618951, 43.10377], [-77.619241, 43.104197]]",1832.0,Office,beautiful office space built in 1995. new roof installed in 2020.,property listing 360,office,,False
1.429208e+06,2026-03-22t19:23:40.968639,loopnet api,38263561,"[[-77.66493, 43.131087]]",2632.0,Industrial,retail storefront. contact 555-0199 for info.,property listing 361,industrial,,False
1.628164e+06,2026-03-22t19:23:40.968640,loopnet api,38223668,"[[-77.508242, 43.18241]]",2007.0,Industrial,"industrial warehouse, zoned m1. 5000 sqft available.",property listing 362,industrial,,False
874481.0,2026-03-22t19:23:40.968642,loopnet api,38013173,"[[-77.653018, 43.149681]]",4730.0,Multi-Family,prime location property. price reduced by 10%.,property listing 363,multi-family,,False
1.76241e+06,2026-03-22t19:23:40.968643,loopnet api,37994174,"[[-77.675616, 43.037633]]",4207.0,Industrial,"modern office building, 2015 construction.",property listing 364,industrial,,False
1.113017e+06,2026-03-22t19:23:40.968645,loopnet api,37974523,"[[-77.606928, 43.160039]]",3496.0,Office,beautiful office space built in 1995. new roof installed in 2020.,property listing 365,office,,False
1.644391e+06,2026-03-22t19:23:40.968647,loopnet api,37938064,"[[-77.609412, 43.159125]]",1907.0,Multi-Family,retail storefront. contact 555-0199 for info.,property listing 366,multi-family,,False
1.436776e+06,2026-03-22t19:23:40.968649,loopnet api,37863022,"[[-77.66444, 43.13292]]",1266.0,Retail,"industrial warehouse, zoned m1. 5000 sqft available.",property listing 367,retail,,False
661043.0,2026-03-22t19:23:40.968650,loopnet api,37840949,"[[-77.607784, 43.14062]]",1894.0,Multi-Family,prime location property. price reduced by 10%.,property listing 368,multi-family,,False
1.482041e+06,2026-03-22t19:23:40.968653,loopnet api,37766162,"[[-77.659114, 43.15824]]",3765.0,Office,"modern office building, 2015 construction.",property listing 369,office,,False
274922.0,2026-03-22t19:23:40.968654,loopnet api,37685380,"[[-77.640861, 43.080778]]",2768.0,Retail,beautiful office space built in 1995. new roof installed in 2020.,property listing 370,retail,,False
1.191179e+06,2026-03-22t19:23:40.968656,loopnet api,37564679,"[[-77.601539, 43.089175], [-77.602465, 43.089255]]",1597.0,Multi-Family,retail storefront. contact 555-0199 for info.,property listing 371,multi-family,,False
336808.0,2026-03-22t19:23:40.968658,loopnet api,37409507,"[[-77.703288, 43.18576]]",1197.0,Industrial,"industrial warehouse, zoned m1. 5000 sqft available.",property listing 372,industrial,,False
454399.0,2026-03-22t19:23:40.968659,loopnet api,37029121,"[[-77.704267, 43.185293]]",731.0,Retail,prime location property. price reduced by 10%.,property listing 373,retail,,False
1.010783e+06,2026-03-22t19:23:40.968661,loopnet api,36999876,"[[-77.618147, 43.103253]]",3264.0,Multi-Family,"modern office building, 2015 construction.",property listing 374,multi-family,,False
1.69468e+06,2026-03-22t19:23:40.968663,loopnet api,36911005,"[[-77.665334, 43.133994]]",4649.0,Retail,beautiful office space built in 1995. new roof installed in 2020.,property listing 375,retail,,False
813828.0,2026-03-22t19:23:40.968664,loopnet api,36845807,"[[-77.521768, 43.091687]]",2059.0,Office,retail storefront. contact 555-0199 for info.,property listing 376,office,,False
1.476907e+06,2026-03-22t19:23:40.968667,loopnet api,36693922,"[[-77.618859, 43.102351]]",2774.0,Retail,"industrial warehouse, zoned m1. 5000 sqft available.",property listing 377,retail,,False
1.456052e+06,2026-03-22t19:23:40.968668,loopnet api,36611613,"[[-77.628904, 43.174154]]",1881.0,Retail,prime location property. price reduced by 10%.,property listing 378,retail,,False
1.531141e+06,2026-03-22t19:23:40.968670,loopnet api,36398849,"[[-77.581112, 43.0941]]",957.0,Retail,"modern office building, 2015 construction.",property listing 379,retail,,False
552290.0,2026-03-22t19:23:40.968672,loopnet api,35789458,"[[-77.710627, 43.146659]]",4262.0,Office,beautiful office space built in 1995. new roof installed in 2020.,property listing 380,office,,False
1.396981e+06,2026-03-22t19:23:40.968673,loopnet api,35561380,"[[-77.603447, 43.147115]]",3034.0,Multi-Family,retail storefront. contact 555-0199 for info.,property listing 381,multi-family,,False
1.927523e+06,2026-03-22t19:23:40.968675,loopnet api,35079036,"[[-77.668244, 43.165093]]",1472.0,Industrial,"industrial warehouse, zoned m1. 5000 sqft available.",property listing 382,industrial,,False
303634.0,2026-03-22t19:23:40.968677,loopnet api,35029105,"[[-77.593411, 43.12617]]",987.0,Industrial,prime location property. price reduced by 10%.,property listing 383,industrial,,False
1.382157e+06,2026-03-22t19:23:40.968678,loopnet api,34615706,"[[-77.631762, 43.087828]]",4678.0,Industrial,"modern office building, 2015 construction.",property listing 384,industrial,,False
362876.0,2026-03-22t19:23:40.968680,loopnet api,34483921,"[[-77.628616, 43.135441]]",1669.0,Multi-Family,beautiful office space built in 1995. new roof installed in 2020.,property listing 385,multi-family,,False
1.09418e+06,2026-03-22t19:23:40.968681,loopnet api,33831590,"[[-77.761502, 43.097409]]",1290.0,Retail,retail storefront. contact 555-0199 for info.,property listing 386,retail,,False
1.564571e+06,2026-03-22t19:23:40.968683,loopnet api,33830092,"[[-77.734078, 43.095041]]",1748.0,Industrial,"industrial warehouse, zoned m1. 5000 sqft available.",property listing 387,industrial,,False
1.874732e+06,2026-03-22t19:23:40.968685,loopnet api,33162249,"[[-77.611413, 43.155727]]",3830.0,Office,prime location property. price reduced by 10%.,property listing 388,office,,False
1.640089e+06,2026-03-22t19:23:40.968688,loopnet api,33041169,"[[-77.593028, 43.146437]]",3730.0,Retail,"modern office building, 2015 construction.",property listing 389,retail,,False
1.323151e+06,2026-03-22t19:23:40.968690,loopnet api,32968464,"[[-77.589541, 43.144419]]",1647.0,Retail,beautiful office space built in 1995. new roof installed in 2020.,property listing 390,retail,,False
814671.0,2026-03-22t19:23:40.968692,loopnet api,32876301,"[[-77.693209, 43.210131]]",4481.0,Office,retail storefront. contact 555-0199 for info.,property listing 391,office,,False
1.335535e+06,2026-03-22t19:23:40.968694,loopnet api,32654787,"[[-77.650142, 43.135638]]",2623.0,Multi-Family,"industrial warehouse, zoned m1. 5000 sqft available.",property listing 392,multi-family,,False
1.301791e+06,2026-03-22t19:23:40.968695,loopnet api,32554456,"[[-77.615191, 43.159897]]",907.0,Office,prime location property. price reduced by 10%.,property listing 393,office,,False
1.178358e+06,2026-03-22t19:23:40.968697,loopnet api,32108855,"[[-77.561308, 43.204157]]",4997.0,Office,"modern office building, 2015 construction.",property listing 394,office,,False
583362.0,2026-03-22t19:23:40.968699,loopnet api,31478200,"[[-77.673524, 43.109445]]",4275.0,Office,beautiful office space built in 1995. new roof installed in 2020.,property listing 395,office,,False
1.979741e+06,2026-03-22t19:23:40.968701,loopnet api,31300848,"[[-77.455286, 43.209852]]",4412.0,Retail,retail storefront. contact 555-0199 for info.,property listing 396,retail,,False
1.916708e+06,2026-03-22t19:23:40.968703,loopnet api,30644543,"[[-77.623535, 43.147484]]",1750.0,Multi-Family,"industrial warehouse, zoned m1. 5000 sqft available.",property listing 397,multi-family,,False
603196.0,2026-03-22t19:23:40.968704,loopnet api,30346044,"[[-77.608702, 43.156989]]",2538.0,Office,prime location property. price reduced by 10%.,property listing 398,office,,False
951828.0,2026-03-22t19:23:40.968706,loopnet api,29800269,"[[-77.5831, 43.092362]]",1967.0,Multi-Family,"modern office building, 2015 construction.",property listing 399,multi-family,,False
1.818107e+06,2026-03-22t19:23:40.968708,loopnet api,29057874,"[[-77.636271, 43.0941]]",4660.0,Multi-Family,beautiful office space built in 1995. new roof installed in 2020.,property listing 400,multi-family,,False
778327.0,2026-03-22t19:23:40.968709,loopnet api,28764317,"[[-74.193444, 40.921858], [-77.656597, 43.11786]]",1698.0,Office,retail storefront. contact 555-0199 for info.,property listing 401,office,,False
1.455706e+06,2026-03-22t19:23:40.968711,loopnet api,28639149,"[[-77.620477, 43.086632]]",4824.0,Multi-Family,"industrial warehouse, zoned m1. 5000 sqft available.",property listing 402,multi-family,,False
1.689213e+06,2026-03-22t19:23:40.968713,loopnet api,28431245,"[[-77.587104, 43.18259]]",1811.0,Industrial,prime location property. price reduced by 10%.,property listing 403,industrial,,False
668727.0,2026-03-22t19:23:40.968715,loopnet api,27373913,"[[-77.616208, 43.068077]]",2051.0,Multi-Family,"modern office building, 2015 construction.",property listing 404,multi-family,,False
1.923321e+06,2026-03-22t19:23:40.968718,loopnet api,25060286,"[[-77.731417, 43.213995]]",3227.0,Office,beautiful office space built in 1995. new roof installed in 2020.,property listing 405,office,,False
1.595731e+06,2026-03-22t19:23:40.968719,loopnet api,24504892,"[[-77.602434, 43.161704]]",4822.0,Industrial,retail storefront. contact 555-0199 for info.,property listing 406,industrial,,False
1.780582e+06,2026-03-22t19:23:40.968721,loopnet api,22039846,"[[-77.711586, 43.210741]]",2037.0,Industrial,"industrial warehouse, zoned m1. 5000 sqft available.",property listing 407,industrial,,False
743949.0,2026-03-22t19:23:40.968723,loopnet api,18800479,"[[-77.697693, 43.105656]]",3653.0,Retail,prime location property. price reduced by 10%.,property listing 408,retail,,False
699910.0,2026-03-22t19:23:40.968724,loopnet api,16334777,"[[-77.735362, 43.214659]]",2775.0,Office,"modern office building, 2015 construction.",property listing 409,office,,False
695463.0,2026-03-22t19:23:40.968726,loopnet api,9282621,"[[-77.66594, 43.014168]]",3594.0,Industrial,beautiful office space built in 1995. new roof installed in 2020.,property listing 410,industrial,,False
1.162458e+06,2026-03-22t19:23:40.968728,loopnet api,39690768,"[[-77.636795, 43.199908]]",2748.0,Office,retail storefront. contact 555-0199 for info.,property listing 411,office,,False
704596.0,2026-03-22t19:23:40.968730,loopnet api,39543460,"[[-77.598923, 43.210388]]",1152.0,Multi-Family,"industrial warehouse, zoned m1. 5000 sqft available.",property listing 412,multi-family,,False
798653.0,2026-03-22t19:23:40.968731,loopnet api,39135136,"[[-77.450523, 43.107187]]",3339.0,Retail,prime location property. price reduced by 10%.,property listing 413,retail,,False
1.89181e+06,2026-03-22t19:23:40.968733,loopnet api,38704259,"[[-77.695072, 43.217637]]",1316.0,Industrial,"modern office building, 2015 construction.",property listing 414,industrial,,False
767033.0,2026-03-22t19:23:40.968735,loopnet api,37835183,"[[-77.689202, 43.184202]]",1590.0,Multi-Family,beautiful office space built in 1995. new roof installed in 2020.,property listing 415,multi-family,,False
949404.0,2026-03-22t19:23:40.968736,loopnet api,37802144,"[[-77.729757, 43.216637]]",1726.0,Industrial,retail storefront. contact 555-0199 for info.,property listing 416,industrial,,False
1.513661e+06,2026-03-22t19:23:40.968738,loopnet api,37685159,"[[-77.507708, 43.180254]]",3308.0,Multi-Family,"industrial warehouse, zoned m1. 5000 sqft available.",property listing 417,multi-family,,False
745094.0,2026-03-22t19:23:40.968740,loopnet api,37672628,"[[-77.58338, 43.161273]]",1266.0,Retail,prime location property. price reduced by 10%.,property listing 418,retail,,False
1.22715e+06,2026-03-22t19:23:40.968747,loopnet api,36753479,"[[-77.609031, 43.188089]]",636.0,Retail,"modern office building, 2015 construction.",property listing 419,retail,,False
296370.0,2026-03-22t19:23:40.968749,loopnet api,35918214,"[[-77.598063, 43.158212]]",1960.0,Office,beautiful office space built in 1995. new roof installed in 2020.,property listing 420,office,,False
860035.0,2026-03-22t19:23:40.968752,loopnet api,34615563,"[[-77.606169, 43.123466]]",3963.0,Retail,retail storefront. contact 555-0199 for info.,property listing 421,retail,,False
1.105369e+06,2026-03-22t19:23:40.968754,loopnet api,33967070,"[[-77.600692, 43.090541]]",1187.0,Multi-Family,"industrial warehouse, zoned m1. 5000 sqft available.",property listing 422,multi-family,,False
1.410081e+06,2026-03-22t19:23:40.968756,loopnet api,33594054,"[[-77.59515, 43.197256]]",640.0,Office,prime location property. price reduced by 10%.,property listing 423,office,,False
1.094135e+06,2026-03-22t19:23:40.968757,loopnet api,33563624,"[[-77.670594, 43.205411]]",561.0,Retail,"modern office building, 2015 construction.",property listing 424,retail,,False
377083.0,2026-03-22t19:23:40.968759,loopnet api,31365120,"[[-77.617893, 43.104205]]",1449.0,Retail,beautiful office space built in 1995. new roof installed in 2020.,property listing 425,retail,,False
1.500611e+06,2026-03-22t19:23:40.968761,loopnet api,31072254,"[[-77.672354, 43.208394]]",3725.0,Office,retail storefront. contact 555-0199 for info.,property listing 426,office,,False
657984.0,2026-03-22t19:23:40.968763,loopnet api,29679893,"[[-77.625991, 43.083275]]",2812.0,Multi-Family,"industrial warehouse, zoned m1. 5000 sqft available.",property listing 427,multi-family,,False
847494.0,2026-03-22t19:23:40.968764,loopnet api,28677556,"[[-77.496353, 43.128384]]",2623.0,Multi-Family,prime location property. price reduced by 10%.,property listing 428,multi-family,,False
687142.0,2026-03-22t19:23:40.968766,loopnet api,27340026,"[[-77.596171, 43.094725]]",3175.0,Retail,"modern office building, 2015 construction.",property listing 429,retail,,False
740981.0,2026-03-22t19:23:40.968768,loopnet api,25423067,"[[-77.660068, 43.189489]]",2219.0,Retail,beautiful office space built in 1995. new roof installed in 2020.,property listing 430,retail,,False
1.443154e+06,2026-03-22t19:23:40.968769,loopnet api,39240335,"[[-77.626972, 43.266573]]",1738.0,Multi-Family,retail storefront. contact 555-0199 for info.,property listing 431,multi-family,,False
1.227741e+06,2026-03-22t19:23:40.968771,loopnet api,38506503,"[[-77.722156, 43.147954]]",1561.0,Retail,"industrial warehouse, zoned m1. 5000 sqft available.",property listing 432,retail,,False
1.207533e+06,2026-03-22t19:23:40.968773,loopnet api,39688759,"[[-77.491895, 43.134963]]",2699.0,Multi-Family,prime location property. price reduced by 10%.,property listing 433,multi-family,,False
937323.0,2026-03-22t19:23:40.968774,loopnet api,39493768,"[[-77.652739, 43.183327]]",3603.0,Office,"modern office building, 2015 construction.",property listing 434,office,,False
875413.0,2026-03-22t19:23:40.968776,loopnet api,39179151,"[[-77.637042, 43.21747]]",1672.0,Retail,beautiful office space built in 1995. new roof installed in 2020.,property listing 435,retail,,False
1.27226e+06,2026-03-22t19:23:40.968778,loopnet api,39135313,"[[-77.59963, 43.147174]]",3444.0,Office,retail storefront. contact 555-0199 for info.,property listing 436,office,,False
1.206259e+06,2026-03-22t19:23:40.968779,loopnet api,39029056,"[[-77.629854, 43.253288]]",4840.0,Office,"industrial warehouse, zoned m1. 5000 sqft available.",property listing 437,office,,False
1.099786e+06,2026-03-22t19:23:40.968781,loopnet api,38805754,"[[-77.609516, 43.159373], [-77.60937, 43.159498], [-77.609022, 43.159498]]",615.0,Industrial,prime location property. price reduced by 10%.,property listing 438,industrial,,False
1.814839e+06,2026-03-22t19:23:40.968782,loopnet api,38672790,"[[-77.695841, 43.252085]]",1156.0,Multi-Family,"modern office building, 2015 construction.",property listing 439,multi-family,,False
1.648076e+06,2026-03-22t19:23:40.968784,loopnet api,38667709,"[[-77.684791, 43.163939]]",589.0,Multi-Family,beautiful office space built in 1995. new roof installed in 2020.,property listing 440,multi-family,,False
1.147138e+06,2026-03-22t19:23:40.968787,loopnet api,38657835,"[[-77.680431, 43.165312]]",2576.0,Multi-Family,retail storefront. contact 555-0199 for info.,property listing 441,multi-family,,False
1.747864e+06,2026-03-22t19:23:40.968788,loopnet api,38642840,"[[-77.63687, 43.178827], [-77.642536, 43.179533], [-77.642392, 43.179532], [-77.62665, 43.14951], [-77.62825, 43.15788], [-77.60167, 43.17348], [-77.64267, 43.17865], [-77.574784, 43.159554], [-77.642874, 43.178356], [-77.64269, 43.17833], [-77.648616, 43.175477]]",2274.0,Retail,"industrial warehouse, zoned m1. 5000 sqft available.",property listing 442,retail,,False
378996.0,2026-03-22t19:23:40.968790,loopnet api,38392450,"[[-77.563914, 43.165658]]",4972.0,Industrial,prime location property. price reduced by 10%.,property listing 443,industrial,,False
1.819791e+06,2026-03-22t19:23:40.968791,loopnet api,38349243,"[[-77.630426, 43.152136]]",3175.0,Retail,"modern office building, 2015 construction.",property listing 444,retail,,False
1.242951e+06,2026-03-22t19:23:40.968793,loopnet api,38336132,"[[-77.606721, 43.148846]]",3314.0,Multi-Family,beautiful office space built in 1995. new roof installed in 2020.,property listing 445,multi-family,,False
1.843443e+06,2026-03-22t19:23:40.968795,loopnet api,37642625,"[[-77.521411, 43.091164]]",2159.0,Industrial,retail storefront. contact 555-0199 for info.,property listing 446,industrial,,False
1.092833e+06,2026-03-22t19:23:40.968796,loopnet api,37635578,"[[-77.605897, 43.163075]]",2493.0,Office,"industrial warehouse, zoned m1. 5000 sqft available.",property listing 447,office,,False
1.013259e+06,2026-03-22t19:23:40.968798,loopnet api,37597791,"[[-77.622107, 43.237705], [-77.650804, 43.149728], [-77.621603, 43.239027]]",642.0,Industrial,prime location property. price reduced by 10%.,property listing 448,industrial,,False
889769.0,2026-03-22t19:23:40.968800,loopnet api,36946149,"[[-77.640255, 43.216379]]",3882.0,Retail,"modern office building, 2015 construction.",property listing 449,retail,,False
1.887967e+06,2026-03-22t19:23:40.968801,loopnet api,36759255,"[[-77.555457, 43.176733]]",4677.0,Industrial,beautiful office space built in 1995. new roof installed in 2020.,property listing 450,industrial,,False
1.567545e+06,2026-03-22t19:23:40.968803,loopnet api,36720805,"[[-77.507789, 43.181558]]",3942.0,Retail,retail storefront. contact 555-0199 for info.,property listing 451,retail,,False
725293.0,2026-03-22t19:23:40.968805,loopnet api,36541756,"[[-77.609937, 43.162058]]",3992.0,Retail,"industrial warehouse, zoned m1. 5000 sqft available.",property listing 452,retail,,False
972711.0,2026-03-22t19:23:40.968806,loopnet api,36012352,"[[-77.547591, 43.226692]]",4395.0,Office,prime location property. price reduced by 10%.,property listing 453,office,,False
1.031001e+06,2026-03-22t19:23:40.968808,loopnet api,35743582,"[[-77.552951, 43.1471]]",1957.0,Retail,"modern office building, 2015 construction.",property listing 454,retail,,False
458596.0,2026-03-22t19:23:40.968809,loopnet api,35635912,"[[-77.663813, 43.204382]]",3537.0,Multi-Family,beautiful office space built in 1995. new roof installed in 2020.,property listing 455,multi-family,,False
873707.0,2026-03-22t19:23:40.968811,loopnet api,33872004,"[[-77.483396, 43.203826]]",2773.0,Retail,retail storefront. contact 555-0199 for info.,property listing 456,retail,,False
653778.0,2026-03-22t19:23:40.968813,loopnet api,33820009,"[[-77.599713, 43.172094]]",4837.0,Industrial,"industrial warehouse, zoned m1. 5000 sqft available.",property listing 457,industrial,,False
1.892024e+06,2026-03-22t19:23:40.968814,loopnet api,33012857,"[[-77.750032, 43.254493]]",728.0,Multi-Family,prime location property. price reduced by 10%.,property listing 458,multi-family,,False
201265.0,2026-03-22t19:23:40.968816,loopnet api,32888406,"[[-77.658047, 43.128951]]",2958.0,Industrial,"modern office building, 2015 construction.",property listing 459,industrial,,False
1.558423e+06,2026-03-22t19:23:40.968818,loopnet api,32669501,"[[-77.438521, 43.130325]]",2376.0,Retail,beautiful office space built in 1995. new roof installed in 2020.,property listing 460,retail,,False
978015.0,2026-03-22t19:23:40.968820,loopnet api,30842456,"[[-77.645307, 43.123657]]",4161.0,Retail,retail storefront. contact 555-0199 for info.,property listing 461,retail,,False
446532.0,2026-03-22t19:23:40.968822,loopnet api,30058882,"[[-77.650628, 43.131562]]",4387.0,Industrial,"industrial warehouse, zoned m1. 5000 sqft available.",property listing 462,industrial,,False
1.128462e+06,2026-03-22t19:23:40.968823,loopnet api,28535219,"[[-77.640383, 43.058454]]",3311.0,Office,prime location property. price reduced by 10%.,property listing 463,office,,False
1.155485e+06,2026-03-22t19:23:40.968825,loopnet api,25194189,"[[-77.5988, 43.20861]]",1569.0,Multi-Family,"modern office building, 2015 construction.",property listing 464,multi-family,,False
1.354583e+06,2026-03-22t19:23:40.968827,loopnet api,37336938,"[[-77.68565, 43.186082]]",2851.0,Industrial,beautiful office space built in 1995. new roof installed in 2020.,property listing 465,industrial,,False
856966.0,2026-03-22t19:23:40.968828,loopnet api,35191239,"[[-77.462175, 43.110628]]",2235.0,Retail,retail storefront. contact 555-0199 for info.,property listing 466,retail,,False
1.74805e+06,2026-03-22t19:23:40.968830,loopnet api,29771223,"[[-77.599426, 43.193142], [-77.599521, 43.192894], [-77.599646, 43.193356]]",4652.0,Office,"industrial warehouse, zoned m1. 5000 sqft available.",property listing 467,office,,False
344523.0,2026-03-22t19:23:40.968831,loopnet api,25271303,"[[-77.652613, 43.187679]]",1120.0,Office,prime location property. price reduced by 10%.,property listing 468,office,,False
283418.0,2026-03-22t19:23:40.968833,loopnet api,37144799,"[[-77.445522, 43.127799], [-77.446778, 43.126919]]",1309.0,Retail,"modern office building, 2015 construction.",property listing 469,retail,,False
193750.0,2026-03-25t11:28:33.614087,loopnet api,39871963,"[[-77.61928, 43.103326]]",1178.0,Industrial,retail storefront. contact 555-0199 for info.,property listing 946,industrial,,False
927545.0,2026-03-25t11:28:33.614091,loopnet api,39854150,"[[-77.606577, 43.071999]]",3923.0,Office,"industrial warehouse, zoned m1. 5000 sqft available.",property listing 947,office,,False
997488.0,2026-03-25t11:28:33.614168,loopnet api,39108272,"[[-77.63549, 43.154894]]",555.0,Retail,beautiful office space built in 1995. new roof installed in 2020.,property listing 970,retail,,False
1.404013e+06,2026-03-25t11:28:33.614174,loopnet api,39042100,"[[-77.632072, 43.179548]]",3304.0,Retail,"industrial warehouse, zoned m1. 5000 sqft available.",property listing 972,retail,,False
805549.0,2026-03-25t11:28:33.614180,loopnet api,38973075,"[[-77.586832, 43.150226]]",1541.0,Multi-Family,"modern office building, 2015 construction.",property listing 974,multi-family,,False
1.080715e+06,2026-03-25t11:28:33.614327,loopnet api,35143152,"[[-77.595747, 43.138909]]",1594.0,Multi-Family,"industrial warehouse, zoned m1. 5000 sqft available.",property listing 1017,multi-family,,False
1.279749e+06,2026-03-25t11:28:33.614407,loopnet api,25607807,"[[-77.561877, 43.175906]]",4320.0,Retail,retail storefront. contact 555-0199 for info.,property listing 1041,retail,,False
1.890414e+06,2026-03-25t11:28:33.614511,loopnet api,39866272,"[[-77.607339, 43.155657]]",2515.0,Office,retail storefront. contact 555-0199 for info.,property listing 1071,office,,False
812997.0,2026-04-05t14:37:47.911796,loopnet api,39993415,"[[-77.611223, 43.160168]]",3773.0,Industrial,beautiful office space built in 1995. new roof installed in 2020.,property listing 1430,industrial,,False
1.613625e+06,2026-04-05t14:37:47.911822,loopnet api,39915284,"[[-77.607737, 43.15959]]",2058.0,Industrial,retail storefront. contact 555-0199 for info.,property listing 1431,industrial,,False
303228.0,2026-04-05t14:37:47.912020,loopnet api,38226122,"[[-77.641095, 43.201649]]",1496.0,Multi-Family,retail storefront. contact 555-0199 for info.,property listing 1481,multi-family,,False
1.86353e+06,2026-04-05t14:37:47.912077,loopnet api,36694513,"[[-77.618797, 43.102607]]",2386.0,Multi-Family,retail storefront. contact 555-0199 for info.,property listing 1496,multi-family,,False
196304.0,2026-04-05t14:37:47.912144,loopnet api,32378445,"[[-77.665955, 43.259908]]",1200.0,Industrial,prime location property. price reduced by 10%.,property listing 1513,industrial,,False
1.97978e+06,2026-04-05t14:37:47.912308,loopnet api,39935759,"[[-77.59466, 43.158984]]",1770.0,Industrial,retail storefront. contact 555-0199 for info.,property listing 1551,industrial,,False
869156.0,2026-04-05t14:37:47.912312,loopnet api,39922564,"[[-77.629057, 43.164435]]",2332.0,Retail,"industrial warehouse, zoned m1. 5000 sqft available.",property listing 1552,retail,,False
1.408231e+06,2026-04-05t14:37:47.912316,loopnet api,39893735,"[[-77.660457, 43.193003]]",540.0,Multi-Family,prime location property. price reduced by 10%.,property listing 1553,multi-family,,False
1.977548e+06,2026-04-05t14:37:47.912324,loopnet api,39307982,"[[-77.653809, 43.164869]]",879.0,Office,beautiful office space built in 1995. new roof installed in 2020.,property listing 1555,office,,False
1.224201e+06,2026-04-05t14:37:47.912343,loopnet api,38658813,"[[-77.62946, 43.144108]]",1258.0,Multi-Family,beautiful office space built in 1995. new roof installed in 2020.,property listing 1560,multi-family,,False
1.726789e+06,2026-04-05t14:37:47.912401,loopnet api,31278281,"[[-77.614263, 43.17995]]",2421.0,Multi-Family,retail storefront. contact 555-0199 for info.,property listing 1576,multi-family,,False
1.329495e+06,2026-04-05t14:37:47.912429,loopnet api,15015949,"[[-77.43438, 43.15122]]",775.0,Retail,prime location property. price reduced by 10%.,property listing 1583,retail,,False
1.610286e+06,2026-04-17t11:27:26.471279,loopnet api,40167211,"[[-77.562736, 43.200697]]",2647.0,Office,retail storefront. contact 555-0199 for info.,property listing 3156,office,,False
1.580775e+06,2026-04-17t11:27:26.471289,loopnet api,40165640,"[[-77.628225, 43.172969]]",3599.0,Multi-Family,"industrial warehouse, zoned m1. 5000 sqft available.",property listing 3157,multi-family,,False
1.40047e+06,2026-04-17t11:27:26.471291,loopnet api,40148504,"[[-77.600309, 43.15064], [-77.600497, 43.150705]]",1714.0,Office,prime location property. price reduced by 10%.,property listing 3158,office,,False
1.874116e+06,2026-04-17t11:27:26.471293,loopnet api,40078420,"[[-77.573042, 43.160413]]",4926.0,Industrial,"modern office building, 2015 construction.",property listing 3159,industrial,,False
1.989177e+06,2026-04-17t11:27:26.471295,loopnet api,40043513,"[[-77.6065, 43.11427]]",791.0,Office,beautiful office space built in 1995. new roof installed in 2020.,property listing 3160,office,,False
1.504226e+06,2026-04-17t11:27:26.471337,loopnet api,38834356,"[[-77.581409, 43.161119]]",2744.0,Multi-Family,"modern office building, 2015 construction.",property listing 3189,multi-family,,False
283996.0,2026-04-17t11:27:26.471376,loopnet api,37405107,"[[-77.654446, 43.055679]]",4902.0,Retail,"modern office building, 2015 construction.",property listing 3219,retail,,False
1.335215e+06,2026-04-17t11:27:26.471381,loopnet api,36712607,"[[-77.625163, 43.164318]]",4270.0,Office,prime location property. price reduced by 10%.,property listing 3223,office,,False
873932.0,2026-04-17t11:27:26.471436,loopnet api,40060772,"[[-77.58537, 43.190654]]",1890.0,Multi-Family,"modern office building, 2015 construction.",property listing 3259,multi-family,,False
1.064236e+06,2026-04-17t11:27:26.471437,loopnet api,40060393,"[[-77.605212, 43.196182]]",3398.0,Multi-Family,beautiful office space built in 1995. new roof installed in 2020.,property listing 3260,multi-family,,False
1.489287e+06,2026-04-17t11:27:26.471438,loopnet api,40044603,"[[-77.594262, 43.154185]]",1578.0,Multi-Family,retail storefront. contact 555-0199 for info.,property listing 3261,multi-family,,False
1.370107e+06,2026-04-17t11:27:26.471465,loopnet api,40164406,"[[-77.556701, 43.119693]]",2417.0,Retail,retail storefront. contact 555-0199 for info.,property listing 3281,retail,,False
441767.0,2026-04-17t11:27:26.471466,loopnet api,40147316,"[[-77.641461, 43.262428]]",4910.0,Multi-Family,"industrial warehouse, zoned m1. 5000 sqft available.",property listing 3282,multi-family,,False
262491.0,2026-04-17t11:27:26.471468,loopnet api,40146424,"[[-77.673838, 43.164391]]",4648.0,Industrial,prime location property. price reduced by 10%.,property listing 3283,industrial,,False
631546.0,2026-04-17t11:27:26.471469,loopnet api,40044964,"[[-77.601405, 43.208899]]",1032.0,Industrial,"modern office building, 2015 construction.",property listing 3284,industrial,,False
1.895582e+06,2026-04-17t11:27:26.471474,loopnet api,39494236,"[[-77.666297, 43.150598]]",3150.0,Industrial,prime location property. price reduced by 10%.,property listing 3288,industrial,,False
894509.0,2026-04-17t15:23:11.598071,loopnet api,38172504,"[[-77.681036, 43.16491]]",4936.0,Retail,"modern office building, 2015 construction.",property listing 3774,retail,,False
418860.0,2026-04-24t17:49:28.209792,loopnet api,35580945,"[[-77.58521, 43.099027], [-77.615191, 43.159897], [-77.597745, 43.114269]]",3489.0,Office,"industrial warehouse, zoned m1. 5000 sqft available.",property listing 3952,office,,False
696865.0,2026-04-24t17:49:28.209796,loopnet api,40249018,"[[-77.430051, 43.212429]]",1013.0,Retail,prime location property. price reduced by 10%.,property listing 3953,retail,,False
1.784088e+06,2026-04-24t17:49:28.209798,loopnet api,40248577,"[[-77.560017, 43.156468]]",1609.0,Office,"modern office building, 2015 construction.",property listing 3954,office,,False
1.695748e+06,2026-04-24t17:49:28.209800,loopnet api,40196679,"[[-77.652427, 43.152328]]",4082.0,Retail,beautiful office space built in 1995. new roof installed in 2020.,property listing 3955,retail,,False
955574.0,2026-04-24t17:49:28.209863,loopnet api,38905443,"[[-77.586462, 43.163805]]",3373.0,Office,prime location property. price reduced by 10%.,property listing 3988,office,,False
1.227843e+06,2026-04-24t17:49:28.210004,loopnet api,40264721,"[[-77.634923, 43.082694]]",3420.0,Multi-Family,beautiful office space built in 1995. new roof installed in 2020.,property listing 4055,multi-family,,False
811622.0,2026-04-24t17:49:28.210100,loopnet api,39001771,"[[-77.569704, 43.130621]]",4749.0,Industrial,beautiful office space built in 1995. new roof installed in 2020.,property listing 4105,industrial,,False
689836.0,2026-04-25t17:22:12.920994,loopnet api,39479662,"[[-77.687841, 43.129255]]",3879.0,Multi-Family,beautiful office space built in 1995. new roof installed in 2020.,property listing 4400,multi-family,,False
359435.0,2026-04-25t17:22:12.921000,loopnet api,39147739,"[[-77.431603, 43.218146]]",1802.0,Industrial,"industrial warehouse, zoned m1. 5000 sqft available.",property listing 4402,industrial,,False
1.990489e+06,2026-04-25t17:22:12.921022,loopnet api,38404159,"[[-77.560597, 43.09562]]",4833.0,Retail,"modern office building, 2015 construction.",property listing 4409,retail,,False
992808.0,2026-04-25t17:22:12.921032,loopnet api,38057609,"[[-77.646874, 43.0616]]",1455.0,Office,"industrial warehouse, zoned m1. 5000 sqft available.",property listing 4412,office,,False
1.725735e+06,2026-04-25t17:22:12.921048,loopnet api,36850609,"[[-77.558548, 43.163768]]",1059.0,Retail,"industrial warehouse, zoned m1. 5000 sqft available.",property listing 4417,retail,,False
1.456237e+06,2026-04-25t17:22:12.921054,loopnet api,36666411,"[[-77.650218, 43.062672]]",2273.0,Multi-Family,"modern office building, 2015 construction.",property listing 4419,multi-family,,False
1.877886e+06,2026-04-25t17:22:12.921061,loopnet api,36360042,"[[-77.485085, 43.113571]]",561.0,Industrial,retail storefront. contact 555-0199 for info.,property listing 4421,industrial,,False
270991.0,2026-04-25t17:22:12.921071,loopnet api,35459458,"[[-77.440719, 43.124942]]",4106.0,Multi-Family,"modern office building, 2015 construction.",property listing 4424,multi-family,,False
1.052483e+06,2026-04-25t17:22:12.921074,loopnet api,35365801,"[[-77.614428, 43.251083]]",4135.0,Industrial,beautiful office space built in 1995. new roof installed in 2020.,property listing 4425,industrial,,False
319425.0,2026-04-25t17:22:12.921077,loopnet api,35040848,"[[-77.798563, 43.21765]]",629.0,Office,retail storefront. contact 555-0199 for info.,property listing 4426,office,,False
1.046434e+06,2026-04-25t17:22:12.921080,loopnet api,34997248,"[[-77.516096, 43.090089]]",3219.0,Industrial,"industrial warehouse, zoned m1. 5000 sqft available.",property listing 4427,industrial,,False
1.211518e+06,2026-04-25t17:22:12.921084,loopnet api,34937180,"[[-77.617645, 43.155925]]",4374.0,Multi-Family,prime location property. price reduced by 10%.,property listing 4428,multi-family,,False
473368.0,2026-04-25t17:22:12.921087,loopnet api,34552719,"[[-77.642921, 43.054479]]",3897.0,Office,"modern office building, 2015 construction.",property listing 4429,office,,False
1.430216e+06,2026-04-25t17:22:12.921090,loopnet api,34166632,"[[-77.639791, 43.164369]]",3285.0,Multi-Family,beautiful office space built in 1995. new roof installed in 2020.,property listing 4430,multi-family,,False
1.001271e+06,2026-04-25t17:22:12.921106,loopnet api,31419247,"[[-77.639821, 43.179525]]",1617.0,Industrial,beautiful office space built in 1995. new roof installed in 2020.,property listing 4435,industrial,,False
1.912539e+06,2026-04-25t17:22:12.921112,loopnet api,31073658,"[[-77.425694, 43.166068]]",4976.0,Retail,"industrial warehouse, zoned m1. 5000 sqft available.",property listing 4437,retail,,False
1.378125e+06,2026-04-25t17:22:12.921122,loopnet api,15082433,"[[-77.60579, 43.15914]]",1533.0,Industrial,beautiful office space built in 1995. new roof installed in 2020.,property listing 4440,industrial,,False
685399.0,2026-04-25t17:22:12.921128,loopnet api,38095938,"[[-77.611612, 43.137413]]",3772.0,Office,"industrial warehouse, zoned m1. 5000 sqft available.",property listing 4442,office,,False
1.861727e+06,2026-04-25t17:22:12.921131,loopnet api,37902719,"[[-77.666541, 43.046159]]",3803.0,Multi-Family,prime location property. price reduced by 10%.,property listing 4443,multi-family,,False
220952.0,2026-04-25t17:22:12.921135,loopnet api,37615125,"[[-77.714708, 43.213511]]",3855.0,Retail,"modern office building, 2015 construction.",property listing 4444,retail,,False
545860.0,2026-04-25t17:22:12.921142,loopnet api,36916302,"[[-77.694933, 43.263417]]",3994.0,Retail,retail storefront. contact 555-0199 for info.,property listing 4446,retail,,False
444510.0,2026-04-30t16:57:57.649476,loopnet api,40303144,"[[-77.660024, 43.14767]]",4010.0,Office,retail storefront. contact 555-0199 for info.,property listing 4631,office,,False
1.335153e+06,2026-04-30t16:57:57.649716,loopnet api,33613131,"[[-77.647466, 43.165353]]",1747.0,Office,"modern office building, 2015 construction.",property listing 4709,office,,False
912930.0,2026-04-30t16:57:57.649780,loopnet api,40320002,"[[-77.714713, 43.138367]]",4607.0,Retail,"modern office building, 2015 construction.",property listing 4734,retail,,False
1.413447e+06,2026-04-30t16:57:57.649782,loopnet api,40301925,"[[-77.63696, 43.085362]]",1709.0,Industrial,beautiful office space built in 1995. new roof installed in 2020.,property listing 4735,industrial,,False
227519.0,2026-04-30t16:57:57.649837,loopnet api,40334944,"[[-77.624362, 43.167115]]",4797.0,Industrial,"industrial warehouse, zoned m1. 5000 sqft available.",property listing 4757,industrial,,False
1.860265e+06,2026-04-30t16:57:57.649840,loopnet api,40329538,"[[-77.5192, 43.123026]]",3480.0,Office,prime location property. price reduced by 10%.,property listing 4758,office,,False
1.907761e+06,2026-05-06t13:02:55.216435,loopnet api,40407914,"[[-77.507592, 43.194159]]",2361.0,Office,retail storefront. contact 555-0199 for info.,property listing 5001,office,,False
956798.0,2026-05-06t13:02:55.216741,loopnet api,40212933,"[[-77.635078, 43.181131]]",4857.0,Industrial,"modern office building, 2015 construction.",property listing 5119,industrial,,False
1.19727e+06,2026-05-10t23:20:10.468610,loopnet api,39479543,"[[-77.607367, 43.17644]]",4896.0,Retail,retail storefront. contact 555-0199 for info.,property listing 5201,retail,,False
682456.0,2026-05-10t23:20:10.468610,loopnet api,37747186,"[[-77.576178, 43.092097]]",4113.0,Retail,beautiful office space built in 1995. new roof installed in 2020.,property listing 5240,retail,,False
437038.0,2026-05-10t23:20:10.468610,loopnet api,40419073,"[[-77.600075, 43.139217]]",844.0,Multi-Family,"modern office building, 2015 construction.",property listing 5304,multi-family,,False
213291.0,2026-05-10t23:20:10.468610,loopnet api,40391744,"[[-77.801292, 43.192984]]",4050.0,Industrial,beautiful office space built in 1995. new roof installed in 2020.,property listing 5305,industrial,,False
1.069115e+06,2026-05-10t23:20:10.468610,loopnet api,29915595,"[[-77.68893, 43.165088]]",3414.0,Industrial,"modern office building, 2015 construction.",property listing 5329,industrial,,False
